{"SUMMARY":{"ATTRIBUTE_NAME":["Source name","Number of persons"],"ATTRIBUTE_VALUE":["Synthea Maxim","1124"]},"GENDER_DATA":{"CONCEPT_ID":[8507,8532],"CONCEPT_NAME":["MALE","FEMALE"],"COUNT_VALUE":[546,578]},"AGE_AT_FIRST_OBSERVATION_HISTOGRAM":{"MIN":0,"MAX":100,"INTERVAL_SIZE":1,"INTERVALS":100,"DATA":{"INTERVAL_INDEX":[0,17,19,1,2,6,10,21,25,9,36,18,20,29,40,3,7,44,23,42,30,16,8,12,14,22,24,37,4,5,31,11,32,28,34,35,15,26,13],"COUNT_VALUE":[150,23,36,106,50,28,22,12,18,26,6,136,8,6,15,31,18,7,9,10,11,20,22,25,30,22,12,10,39,24,22,23,9,22,20,6,28,8,14],"PERCENT_VALUE":[0.13345,0.02046,0.03203,0.09431,0.04448,0.02491,0.01957,0.01068,0.01601,0.02313,0.00534,0.121,0.00712,0.00534,0.01335,0.02758,0.01601,0.00623,0.00801,0.0089,0.00979,0.01779,0.01957,0.02224,0.02669,0.01957,0.01068,0.0089,0.0347,0.02135,0.01957,0.02046,0.00801,0.01957,0.01779,0.00534,0.02491,0.00712,0.01246]}},"CUMULATIVE_DURATION":{"SERIES_NAME":["Length of observation","Length of observation","Length of observation","Length of observation","Length of observation","Length of observation","Length of observation","Length of observation","Length of observation","Length of observation","Length of observation","Length of observation","Length of observation","Length of observation","Length of observation","Length of observation","Length of observation","Length of observation","Length of observation","Length of observation","Length of observation","Length of observation","Length of observation","Length of observation","Length of observation","Length of observation","Length of observation"],"X_LENGTH_OF_OBSERVATION":[870,1230,1410,1800,2160,2520,2910,2940,3210,3270,3300,3330,3360,3390,3420,3450,3480,3510,3540,3570,3690,3750,5910,7230,9990,14070,15210],"Y_PERCENT_PERSONS":[0.24822,0.24288,0.23665,0.22776,0.21975,0.21352,0.20107,0.19484,0.18594,0.17972,0.16103,0.14769,0.10765,0.09698,0.0863,0.08096,0.07384,0.06762,0.0516,0.04537,0.03737,0.03203,0.02669,0.02135,0.01601,0.01068,0.00534]},"OBSERVED_BY_MONTH":{"MONTH_YEAR":[199709,199401,198902,201705,196904,200511,196705,195002,199806,197406,195811,197710,198006,196602,200407,194211,196905,199404,199604,195710,200911,195006,201106,200812,198909,196804,195401,200501,194809,199904,194707,199605,199706,200008,193207,196204,194203,196604,196309,198805,200204,198203,197904,199507,195910,197612,196208,200808,199405,198712,201007,193206,195105,196909,195309,195902,196212,200112,200705,200405,197408,200202,197312,201707,201609,192508,198411,198511,195801,199608,199107,200401,197605,195612,201701,201101,194801,199705,199003,195805,200809,199812,196512,201110,198111,196301,200712,200611,201604,199902,198601,196408,195404,197409,199702,196302,200311,196307,195212,199307,200508,199506,201010,199002,199007,200006,197509,195502,199210,201408,201209,199505,197304,197604,197111,196211,197502,194405,201311,196311,201801,197606,193205,195104,198507,198305,196903,195903,192312,201003,201712,199710,200210,197609,200205,200107,196910,197004,200509,198312,198706,201001,197809,200307,201802,201206,198510,200912,197901,198407,196703,196606,196404,195101,199304,200010,196102,195406,194010,201205,196103,195706,195312,197702,201208,198004,195005,200709,196209,196609,198401,201510,197803,199905,198609,199504,198002,199606,200305,200901,198408,198506,195711,201708,199909,199906,195707,197903,199509,198009,201907,198302,195912,195512,201004,200103,195906,194709,195812,200704,198502,201307,200106,201508,195607,199204,201703,197001,194206,197705,196709,201403,201312,201107,196508,196902,200609,199805,195411,198704,196711,196105,198903,197108,198701,195102,200512,196901,194001,197211,201803,197106,197706,197208,193710,198811,201807,195511,198505,196011,199207,196908,198309,200506,195809,200012,201606,201109,195306,195308,198306,197911,195905,200612,198503,199203,196510,196704,200601,197908,193401,199508,199407,199308,199801,198310,200505,194812,194007,200909,197203,201002,200708,198206,199408,196402,196005,198105,201804,193609,200904,198412,200910,197303,192812,200001,193907,194602,197711,198906,199708,200906,196509,193705,201012,199009,199809,195712,200109,199104,197910,195208,201303,201211,199112,193708,196912,199910,195110,198611,200507,195407,198603,193905,201608,198204,201105,200108,198107,201008,200402,196205,198509,198308,196907,199005,201011,200310,196012,200303,198807,198608,192906,197107,201603,200903,193101,201704,197504,195702,199205,198710,200208,197508,195807,196812,197503,201512,199911,198005,196010,200412,193603,198307,200302,199310,200703,200406,197801,198802,193407,200104,195010,193108,200810,197708,201910,197906,201108,197008,197005,197002,195303,196409,197607,199807,197506,195907,195606,201901,197402,198804,201904,197102,201612,198406,200602,200312,197011,200803,198201,198211,198504,199610,200608,196312,199512,197209,198612,195802,200404,195611,199004,200308,200811,192710,198910,197010,200203,197810,197309,195409,199312,201202,192507,198110,199306,197701,200905,196306,199411,196310,197205,196109,201112,197308,197210,196603,195501,201903,201404,198209,200902,199907,196303,199704,199503,196808,201605,197909,199111,201005,197101,192709,200702,195412,200801,197202,200003,195708,196811,196511,196505,200111,197110,197103,198108,198010,194511,201305,197411,197302,199406,195310,196111,193801,196712,198610,196801,196411,195602,200610,194005,194811,200908,201306,200802,198402,199010,199109,196210,200503,195705,195904,201409,198905,199602,201210,201811,199501,200605,201711,198011,197510,197507,200706,194212,197410,201006,199612,197403,198512,196003,200306,196503,201412,196906,196004,198708,199105,194910,197806,197311,201610,196006,197301,199707,194905,200212,197603,201509,198012,194103,201402,200710,195304,198705,200211,201505,197501,199609,198103,196708,198604,194703,197206,200805,199102,199001,196403,197307,201009,197207,199305,200110,201812,197007,198001,195505,201506,201111,199008,197512,201909,200502,194612,199810,200209,194711,199412,199309,201302,198207,200309,196611,200701,197306,199106,193107,199912,198806,201601,199212,197305,200707,198202,197707,200409,200510,198404,199502,198109,201301,196608,196911,196108,194401,199012,198410,195909,199901,196107,201103,193110,196507,198801,194012,200411,198707,194610],