{"SUMMARY":{"ATTRIBUTE_NAME":["Source name","Number of persons"],"ATTRIBUTE_VALUE":["Synthea Maxim","1124"]},"GENDER_DATA":{"CONCEPT_ID":[8507,8532],"CONCEPT_NAME":["MALE","FEMALE"],"COUNT_VALUE":[546,578]},"RACE_DATA":{"CONCEPT_ID":[0,8515,8516,8527],"CONCEPT_NAME":["No matching concept","Asian","Black or African American","White"],"COUNT_VALUE":[106,80,86,852]},"ETHNICITY_DATA":{"CONCEPT_ID":[0,38003563],"CONCEPT_NAME":["No matching concept","Hispanic or Latino"],"COUNT_VALUE":[1020,104]},"BIRTH_YEAR_HISTOGRAM":{"MIN":1916,"MAX":2019,"INTERVAL_SIZE":1,"INTERVALS":103,"DATA":{"INTERVAL_INDEX":[0,12,17,19,20,21,22,24,26,28,29,30,31,32,33,34,35,36,37,38,39,40,41,42,43,44,45,46,47,48,49,50,51,52,53,54,55,56,57,58,59,60,61,62,63,64,65,66,67,68,69,70,71,72,73,74,75,76,77,78,79,80,81,82,83,84,85,86,87,88,89,90,91,92,93,94,95,96,97,98,99,100,101,102,103],"COUNT_VALUE":[15,10,6,17,7,9,8,7,6,9,10,14,11,9,13,8,16,9,18,23,19,11,16,21,16,19,12,14,15,11,17,19,19,12,22,16,14,11,14,15,10,14,12,9,20,12,10,14,15,15,9,13,12,18,11,17,11,13,12,10,8,20,13,12,17,20,9,12,9,18,7,12,13,11,13,9,8,12,11,9,13,11,11,8,7],"PERCENT_VALUE":[0.01335,0.0089,0.00534,0.01512,0.00623,0.00801,0.00712,0.00623,0.00534,0.00801,0.0089,0.01246,0.00979,0.00801,0.01157,0.00712,0.01423,0.00801,0.01601,0.02046,0.0169,0.00979,0.01423,0.01868,0.01423,0.0169,0.01068,0.01246,0.01335,0.00979,0.01512,0.0169,0.0169,0.01068,0.01957,0.01423,0.01246,0.00979,0.01246,0.01335,0.0089,0.01246,0.01068,0.00801,0.01779,0.01068,0.0089,0.01246,0.01335,0.01335,0.00801,0.01157,0.01068,0.01601,0.00979,0.01512,0.00979,0.01157,0.01068,0.0089,0.00712,0.01779,0.01157,0.01068,0.01512,0.01779,0.00801,0.01068,0.00801,0.01601,0.00623,0.01068,0.01157,0.00979,0.01157,0.00801,0.00712,0.01068,0.00979,0.00801,0.01157,0.00979,0.00979,0.00712,0.00623]}}}
