{"CONCEPT_ID":[9201,9202,9203],"CONCEPT_PATH":["Inpatient Visit","Outpatient Visit","Emergency Room Visit"],"NUM_PERSONS":[245,1124,777],"PERCENT_PERSONS":[0.21797153024911,1,0.691281138790036],"RECORDS_PER_PERSON":[4.87755102040816,34.5711743772242,2.23037323037323]}
