{"PREVALENCE_BY_GENDER_AGE_YEAR":{"TRELLIS_NAME":["10-19","10-19","40-49","10-19","0-9","30-39","30-39","20-29","40-49","30-39","30-39","70-79","20-29","40-49","50-59","0-9","30-39","20-29","70-79","10-19","40-49","20-29","50-59","30-39","60-69","60-69","10-19","40-49","10-19","50-59","60-69","10-19","30-39","40-49","20-29","30-39","20-29","20-29","50-59","30-39","40-49","0-9","10-19","10-19","70-79","10-19","60-69","10-19","20-29","50-59","30-39","40-49","30-39","40-49","30-39","40-49","20-29","50-59","10-19","0-9","10-19","30-39","50-59","40-49","10-19","0-9","50-59","40-49","30-39","0-9","60-69","20-29","40-49","10-19","20-29","60-69","20-29","40-49","30-39","50-59","20-29","60-69","50-59","30-39","40-49","50-59"],"SERIES_NAME":["MALE","MALE","FEMALE","FEMALE","FEMALE","FEMALE","MALE","FEMALE","MALE","FEMALE","MALE","FEMALE","FEMALE","FEMALE","FEMALE","FEMALE","FEMALE","MALE","FEMALE","FEMALE","FEMALE","FEMALE","FEMALE","MALE","MALE","FEMALE","MALE","FEMALE","FEMALE","MALE","MALE","MALE","MALE","MALE","FEMALE","FEMALE","MALE","FEMALE","FEMALE","FEMALE","FEMALE","FEMALE","MALE","FEMALE","FEMALE","MALE","MALE","FEMALE","FEMALE","MALE","FEMALE","FEMALE","MALE","MALE","FEMALE","FEMALE","FEMALE","FEMALE","FEMALE","FEMALE","MALE","MALE","FEMALE","FEMALE","MALE","FEMALE","MALE","MALE","FEMALE","MALE","MALE","FEMALE","MALE","MALE","FEMALE","FEMALE","MALE","FEMALE","FEMALE","FEMALE","FEMALE","FEMALE","MALE","FEMALE","FEMALE","FEMALE"],"X_CALENDAR_YEAR":[2009,2010,2010,2010,2010,2010,2010,2010,2011,2011,2011,2011,2011,2011,2011,2011,2012,2012,2012,2012,2012,2012,2012,2012,2012,2012,2012,2013,2013,2013,2013,2013,2013,2013,2013,2013,2013,2014,2014,2014,2014,2014,2014,2014,2014,2015,2015,2015,2015,2015,2015,2015,2016,2016,2016,2016,2016,2016,2016,2016,2016,2017,2017,2017,2017,2017,2017,2017,2017,2017,2017,2017,2018,2018,2018,2018,2018,2018,2018,2018,2019,2019,2019,2019,2019,2019],"Y_PREVALENCE_1000PP":[139.53488,83.33333,94.11765,93.75,111.11111,200,98.36066,225.35211,89.55224,290.90909,85.71429,266.66667,232.87671,102.27273,71.42857,98.36066,175.4386,105.26316,193.54839,233.33333,174.4186,283.78378,68.96552,140.84507,162.7907,194.44444,205.47945,154.7619,100,84.50704,160,114.28571,114.28571,134.32836,236.11111,206.89655,105.26316,225.35211,84.33735,293.10345,72.28916,96.77419,136.9863,153.84615,343.75,150.68493,109.09091,93.75,257.14286,88.23529,193.54839,92.10526,125,98.59155,131.14754,94.59459,228.57143,84.33735,142.85714,116.66667,90.90909,112.90323,93.02326,138.88889,140.625,107.14286,117.64706,90.90909,209.67742,115.38462,95.2381,294.11765,131.14754,209.67742,344.2623,86.95652,120.68966,191.78082,257.57576,76.92308,220.33898,119.40299,101.69492,157.89474,133.33333,89.74359]},"PREVALENCE_BY_MONTH":{"X_CALENDAR_MONTH":[201703,201606,201607,201207,201909,201305,201112,201712,201403,201111,201006,200912,201405,201407,201601,201304,201409,201812,201811,201302,201210,201505,201605,201310,201009,201005,201809,201206,201807,201508,201211,201908,201007,201110,201212,201412,201105,201701,201604,201801,201001,201509,201205,201707,201303,201708,201706,201012,201609,201705,201306,201612,201803,201709,201208,201501,201906,201410,201512,201402,201308,201901,201810,201107,201309,201004,201404,201401,201002,201611,201104,201109,201802,201507,201902,201905,201610,201804,201106,201910,201702,201203,201108,200911,201201,201510,201010,201907,201608,201710,201102,201806,201408,201504,201312,201101,201602,201307,201808,201904,201506,201503,201301,201202,201903,201209,201711,201805,201411,200910,201204,201003,201008],"Y_PREVALENCE_1000PP":[15.1362260343088,12.1334681496461,9.10931174089069,9.43396226415094,40,9.34579439252336,8.39454354669465,10.1419878296146,10.2880658436214,11.5789473684211,8.95856662933931,8.80503144654088,9.2497430626927,12.3329907502569,6.10376398779247,7.27650727650728,8.23045267489712,15.7303370786517,12.9032258064516,11.4345114345114,7.2840790842872,10.2986611740474,10.1317122593718,10.351966873706,8.68621064060804,7.92751981879955,13.771186440678,11.5303983228512,14.6904512067156,10.2249488752556,16.6320166320166,20.1511335012594,6.63716814159292,6.32911392405063,13.5135135135135,9.25925925925926,11.7021276595745,12.0967741935484,9.12778904665314,10.1729399796541,7.29040097205346,17.3469387755102,14.7058823529412,7.05645161290323,10.3842159916926,13.1048387096774,6.05449041372351,14.9892933618844,8.08080808080808,12.108980827447,12.4352331606218,15.1362260343088,12.3329907502569,14.1557128412538,13.6268343815514,16.4609053497942,23.2974910394265,11.3168724279835,7.12105798575788,12.3456790123457,14.4927536231884,11.7647058823529,10.6951871657754,9.55414012738854,11.3871635610766,7.99086757990868,8.2135523613963,14.4329896907216,8.29383886255924,10.0908173562059,10.6496272630458,7.39176346356917,10.2459016393443,9.22131147540984,12.531328320802,17.1339563862928,12.108980827447,11.3519091847265,11.6896918172157,41.4507772020725,6.06060606060606,15.7563025210084,7.40740740740741,18.1582360570687,12.591815320042,7.13557594291539,15.1024811218986,16.9133192389006,11.1223458038423,12.1580547112462,6.41711229946524,9.40438871473354,14.4181256436663,15.4479917610711,9.27835051546392,16.0427807486631,8.1383519837233,11.3871635610766,15.7728706624606,18.6781609195402,10.2459016393443,10.2986611740474,7.26895119418484,11.5424973767051,17.4496644295302,9.39457202505219,16.2271805273834,19.7095435684647,11.3285272914521,9.33333333333333,14.7213459516299,15.1338766006985,13.1147540983607]},"VISIT_DURATION_BY_TYPE":{"CATEGORY":"Length of stay","MIN_VALUE":0,"P10_VALUE":0,"P25_VALUE":0,"MEDIAN_VALUE":0,"P75_VALUE":0,"P90_VALUE":0,"MAX_VALUE":71},"AGE_AT_FIRST_OCCURRENCE":{"CATEGORY":["MALE","FEMALE"],"MIN_VALUE":[0,0],"P10_VALUE":[4,5],"P25_VALUE":[12,15],"MEDIAN_VALUE":[28,27],"P75_VALUE":[47,47],"P90_VALUE":[64,61],"MAX_VALUE":[90,104]}}
