{"PREVALENCE_BY_GENDER_AGE_YEAR":{"TRELLIS_NAME":["10-19","30-39","30-39","60-69","30-39","40-49","40-49","50-59","20-29","50-59","60-69","50-59","60-69","60-69"],"SERIES_NAME":["MALE","MALE","MALE","FEMALE","FEMALE","FEMALE","FEMALE","FEMALE","FEMALE","FEMALE","FEMALE","FEMALE","FEMALE","FEMALE"],"X_CALENDAR_YEAR":[1990,1990,1991,2010,2010,2011,2012,2012,2014,2014,2016,2018,2018,2019],"Y_PREVALENCE_1000PP":[214.28571,147.05882,92.30769,206.89655,92.30769,68.18182,69.76744,80.45977,84.50704,84.33735,100,89.74359,115.94203,104.47761]},"PREVALENCE_BY_MONTH":{"X_CALENDAR_MONTH":[199007,201503,201103,199006,201512,201310,201804,201408,201209,201307,201308,201605,201711,201808,201303,199005,201608,201603,199001,201208,199004,201104,199002,201405,201905,201709,201004,201708,201207,201907,201009,201012,201807,201404,201403,201409,201805,201803,201111,201806,201704,201106],"Y_PREVALENCE_1000PP":[11.9047619047619,6.17919670442842,6.38977635782748,13.9165009940358,6.10376398779247,6.2111801242236,6.19195046439629,7.20906282183316,8.35073068893528,7.2463768115942,6.2111801242236,7.09219858156028,6.08519269776876,6.30914826498423,6.23052959501558,21.8687872763419,7.0778564206269,6.09756097560976,12.1703853955375,7.33752620545073,23.9043824701195,7.45473908413206,20.0803212851406,6.16649537512847,18.6915887850467,7.0778564206269,7.99086757990868,6.04838709677419,9.43396226415094,12.6849894291755,6.51465798045603,7.49464668094218,7.34522560335782,8.2135523613963,6.17283950617284,7.20164609053498,6.22406639004149,6.16649537512847,7.36842105263158,7.31452455590387,7.05645161290323,7.43889479277365]},"VISIT_DURATION_BY_TYPE":{"CATEGORY":"Length of stay","MIN_VALUE":1,"P10_VALUE":1,"P25_VALUE":1,"MEDIAN_VALUE":1,"P75_VALUE":1,"P90_VALUE":1,"MAX_VALUE":74},"AGE_AT_FIRST_OCCURRENCE":{"CATEGORY":["MALE","FEMALE"],"MIN_VALUE":[1,2],"P10_VALUE":[12,14],"P25_VALUE":[16,25],"MEDIAN_VALUE":[30,35],"P75_VALUE":[55,55],"P90_VALUE":[63,69],"MAX_VALUE":[84,95]}}
